{
  "lat_min": 38.299941633021035,
  "lat_max": 38.50008627832286,
  "lon_min": -76.20004313308047,
  "lon_max": -75.99998831930705
}