Region,T1_Wetland_km2,T2_Wetland_km2,Loss_km2,Gain_km2
Region_0,5.513762099166967e-09,6.1252196725286875e-09,5.690754905968008e-11,6.683651224213949e-10
