Scene,T1_Wetland_km2,T2_Wetland_km2,Loss_km2,Gain_km2
blackwater_2017_2022,5.513762099166744e-09,6.125219672528347e-09,5.6907549059626585e-11,6.683651224212297e-10
