Region,T1_Wetland_km2,T2_Wetland_km2,Loss_km2,Gain_km2
Region_0,53.4172,56.703900000000004,7.256200000000001,10.542900000000001
